query	rank	neighbor	cosine
北京	1	北京市	0.714446
北京	2	北京城	0.670412
北京	3	上海	0.656833
北京	4	工人体育场	0.652793
北京	5	昆仑饭店	0.643493
北京	6	海淀	0.643260
北京	7	沈阳	0.639138
北京	8	昌平区	0.637915
北京	9	中国国际展览中心	0.636594
北京	10	呼和浩特	0.634597
语言	1	语等	0.791059
语言	2	语是	0.787160
语言	3	第二语言	0.773877
语言	4	书面语言	0.769027
语言	5	语法结构	0.759778
语言	6	language	0.757685
语言	7	语	0.756889
语言	8	语法	0.755284
语言	9	诸语言	0.753013
语言	10	母语	0.748437
苹果	1	黑莓	0.666838
苹果	2	水果	0.621099
苹果	3	南瓜	0.614954
苹果	4	软果	0.614927
苹果	5	脆片	0.612169
苹果	6	草莓	0.599139
苹果	7	marshmallow	0.597576
苹果	8	味朗姆酒	0.597020
苹果	9	apple	0.596661
苹果	10	树果	0.589059
计算机	1	计算机系统	0.792017
计算机	2	计算机网络	0.786801
计算机	3	人机交互	0.780567
计算机	4	图形学	0.778503
计算机	5	应用软件	0.774806
计算机	6	信号处理	0.773871
计算机	7	软件	0.771799
计算机	8	图像识别	0.765858
计算机	9	计算机技术	0.765764
计算机	10	辅助设计	0.765054
足球	1	甲级联赛	0.826502
足球	2	足球联赛	0.798353
足球	3	俱乐部	0.789489
足球	4	联赛	0.774914
足球	5	球队	0.768157
足球	6	守门员	0.751675
足球	7	足球队	0.750794
足球	8	或翼锋	0.749538
足球	9	国家足球队	0.743659
足球	10	乙级	0.732246
孔子	1	颜回	0.690442
孔子	2	子思	0.662926
孔子	3	十哲	0.659427
孔子	4	家语	0.657565
孔子	5	孟子	0.657146
孔子	6	先圣	0.638541
孔子	7	颜何	0.638042
孔子	8	曾皙	0.633397
孔子	9	公羊传	0.632610
孔子	10	孔忠	0.632562
春节	1	联欢晚会	0.821729
春节	2	元宵	0.725028
春节	3	央视春晚	0.722260
春节	4	过大年	0.695762
春节	5	春节晚会	0.691550
春节	6	过年	0.688736
春节	7	综艺大观	0.681875
春节	8	春晚	0.671077
春节	9	歌舞晚会	0.670591
春节	10	元旦晚会	0.666297
快乐	1	锋尚	0.664322
快乐	2	造梦者	0.659300
快乐	3	相亲相爱	0.656338
快乐	4	爸爸妈妈	0.655709
快乐	5	男声	0.654591
快乐	6	朵朵	0.642919
快乐	7	越策	0.642475
快乐	8	好胆	0.641875
快乐	9	我爱记	0.638013
快乐	10	开心	0.636849
小米	1	红米	0.745796
小米	2	miui	0.692520
小米	3	手机	0.653546
小米	4	smartisan	0.652897
小米	5	智能手机	0.644697
小米	6	洪锋	0.629262
小米	7	坚果	0.622630
小米	8	雷军	0.615974
小米	9	联芯	0.615738
小米	10	pro2s	0.612390
银行	1	商业银行	0.846349
银行	2	分行	0.845158
银行	3	总行	0.797776
银行	4	金融机构	0.793415
银行	5	该行	0.770537
银行	6	bank	0.754527
银行	7	中国银行	0.743174
银行	8	储蓄银行	0.742845
银行	9	兴业银行	0.742133
银行	10	存款	0.729981
同志	1	同性恋	0.563527
同志	2	党刊	0.556591
同志	3	平权	0.554154
同志	4	祖国统一	0.552692
同志	5	政协会议	0.547121
同志	6	爱港	0.544110
同志	7	恳谈会	0.540329
同志	8	刘仁静	0.538139
同志	9	青年网	0.537592
同志	10	统一战线	0.534645
打	1	席面	0.689745
打	2	点圈	0.686053
打	3	上三垒	0.681869
打	4	往三垒	0.679770
打	5	打打	0.677144
打	6	高孝仪	0.670864
打	7	被安打	0.668806
打	8	平飞安	0.665461
打	9	安打及	0.665256
打	10	打以	0.664876
