word1	word2	gold	cosine
李白	诗	9.2	0.617679
日本	南京大屠杀	8.95	0.299138
浏览器	网页	8.93	0.582355
医生	责任	8.85	0.135497
白天	晚上	8.8	0.621575
基因	遗传	8.775	0.692489
学校	学生	8.71	0.562934
法官	法律	8.65	0.561134
员工	公司	8.65	0.492941
学校	图书馆	8.6	0.531125
学生	书	8.595	0.329043
学校	教学	8.525	0.496961
男人	女人	8.5	0.855367
喝水	嘴	8.45	0.405183
消费者	购物	8.425	0.440074
消费者	顾客	8.4	0.678813
发表	文章	8.38	0.571619
淋浴	水	8.35	0.336523
医学	解剖	8.35	0.426873
演唱会	歌手	8.345	0.543673
衣柜	衣服	8.3	0.553125
疾病	医院	8.3	0.410263
医学	健康	8.3	0.496836
图片	照相机	8.3	0.464342
春节	正月	8.3	0.363347
鱼	水	8.3	0.384528
春节	节日	8.3	0.495784
计算机	互联网	8.2	0.572689
教师	课程	8.15	0.542458
学校	教师	8.15	0.572671
计算机网络	电子计算机	8.105	0.728698
电子计算机	键盘	8.1	0.394229
领土	面积	8.1	0.444562
海岸	海滩	8.1	0.639537
媒体	新闻	8.1	0.554405
学生	教师	8.05	0.701246
旅行	宾馆	8.0	0.224357
中医	华佗	8.0	0.383072
环境	生态	7.995	0.528768
电话	通信	7.975	0.498472
银行	货币	7.95	0.476682
乐器	音乐	7.95	0.570106
人际关系	朋友	7.95	0.484015
天气	预报	7.91	0.631513
义务	权利	7.9	0.672812
法律	律师	7.88	0.523777
媒体	主持人	7.875	0.357776
战争	部队	7.85	0.444872
消费者	商店	7.85	0.453776
自然	环境	7.84	0.389375
音乐	歌手	7.8	0.570019
北京	奥运会	7.8	0.366984
战争	和平	7.795	0.394652
金钱	财富	7.75	0.529806
钱	金融	7.75	0.200494
烹饪	食物	7.75	0.543909
书	图书馆	7.725	0.375076
计算机	软件	7.705	0.714324
文物	考古	7.675	0.692786
汽车	发动机	7.65	0.529760
电影	爆米花	7.65	0.368743
公平	竞争	7.65	0.355048
资金	经营	7.65	0.392806
货币	银行	7.645	0.476682
吉祥物	奥运会	7.615	0.434323
行星	地球	7.6	0.724812
老虎	动物园	7.6	0.358771
律师	证据	7.545	0.270985
春节	鞭炮	7.5	0.440206
大学生	就业	7.45	0.428262
图片	照片	7.45	0.657165
北京	中国	7.4	0.486078
能源	石油	7.4	0.633400
电台	音乐	7.4	0.396344
物理	爱因斯坦	7.35	0.555972
帝国主义	殖民主义	7.35	0.820349
地球	人	7.3	0.176319
儿子	母亲	7.3	0.689783
死亡	疾病	7.3	0.449003
杂志	书籍	7.3	0.554633
起重机	工具	7.275	0.456673
心理学	弗洛伊德	7.2	0.487933
能源	危机	7.2	0.327671
饮料	嘴	7.2	0.146648
新闻	主持人	7.1	0.526636
食物	成长	7.1	0.283831
设备	制造商	7.1	0.498379
工人	建筑	7.1	0.262905
金钱	财产	7.05	0.476791
酒精	化学	7.05	0.390333
春节	饺子	7.0	0.442850
暑假	学生	7.0	0.444039
火星	行星	6.95	0.637753
利润	公司	6.95	0.465566
地图	旅行	6.95	0.386891
国家	公民	6.855	0.467316
地图	世界	6.85	0.232886
电影	明星	6.85	0.359486
地图	测量	6.85	0.414209
火星	太阳系	6.85	0.614488
耶路撒冷	以色列	6.71	0.633453
书籍	纸	6.7	0.348193
自然	人	6.61	0.206454
货币	市场	6.6	0.413441
台湾	新台币	6.6	0.309254
工作	生活	6.595	0.404562
爱	性	6.55	0.204416
大学	实验室	6.55	0.381721
就业	教育	6.5	0.526995
杯子	液体	6.45	0.501577
生物	病菌	6.45	0.463689
领土	平方公里	6.4	0.422371
杂志	广告	6.4	0.438300
道德	价值	6.4	0.444128
网球	球拍	6.35	0.537082
问题	挑战	6.35	0.400981
旅行	汽车	6.35	0.268349
伤残	死亡	6.35	0.323398
和平	幸福	6.35	0.496529
股票	市场	6.3	0.528917
行星	天文学家	6.3	0.542170
本拉登	恐怖	6.3	0.455532
生产	员工	6.255	0.261955
海鲜	海洋	6.25	0.245024
成人	儿童	6.215	0.637525
性别	平等	6.2	0.487106
笔	写作	6.2	0.288660
工作	责任	6.2	0.495660
夏天	自然	6.15	0.208485
英雄	勇气	6.15	0.481277
成人	选举权	6.1	0.291253
竞争	价格	6.1	0.322284
受害者	突发事件	6.0	0.404343
心理学	医生	6.0	0.332827
时间	空间	5.95	0.396857
电视剧	电影	5.9	0.687265
海外华人	定居	5.9	0.370769
心理	精神	5.85	0.664982
政府	危机	5.85	0.293329
成人	婚姻	5.85	0.281101
墓地	森林	5.85	0.333992
计算机	实验室	5.8	0.512058
杯子	物质	5.8	0.328291
公民	身份证	5.7	0.587544
人口	发展	5.65	0.274258
老虎	恐惧	5.65	0.126998
家庭	计划	5.6	0.154127
男人	父亲	5.575	0.339993
碗	食品	5.55	0.278098
工作	旅游	5.55	0.296999
暑假	老师	5.55	0.455566
化学	原子	5.4	0.494598
音乐	舞台	5.4	0.441554
老鼠	盗窃	5.35	0.246107
火星	水	5.33	0.303929
游戏	团队	5.3	0.447983
空间	世界	5.275	0.324221
金钱	存款	5.25	0.437950
心理	健康	5.2	0.465102
公司	股票	5.2	0.606196
心理学	认知	5.15	0.610815
道德	婚姻	5.15	0.384058
游戏	胜利	5.1	0.286412
联邦调查局	指纹	5.1	0.430228
部长	政党	5.1	0.280937
电影	戏剧	5.05	0.564397
阳光	生活	5.05	0.316977
股息	计算	4.91	0.500011
列表	类别	4.875	0.404451
消费	能源	4.85	0.471434
汽车	马	4.85	0.165433
中世纪	城堡	4.85	0.561581
杯子	饮料	4.8	0.510704
工具	人	4.8	0.154066
和平	保险	4.75	0.185299
心理学	恐惧	4.7	0.331795
心理学	诊所	4.7	0.391313
玻璃	魔术师	4.65	0.332442
可能性	危险	4.6	0.538272
夏季	干旱	4.55	0.424632
探索	空间	4.55	0.379850
未来	预言	4.55	0.357959
计算机	新闻	4.55	0.344762
科学	化学	4.5	0.596327
杯子	咖啡	4.5	0.411297
天空	景观	4.5	0.315349
森林	墓地	4.5	0.333992
心理学	焦虑	4.45	0.447789
电影	评论家	4.45	0.399470
水	渗漏	4.4	0.437842
奢侈品	汽车	4.4	0.435537
床	衣柜	4.35	0.487034
视频	链接	4.3	0.385673
少数民族	和平	4.2	0.261543
生育	蛋	4.15	0.393990
石油	股票	4.05	0.426201
宠物	娱乐	3.95	0.358964
海岸	森林	3.93	0.440116
股票	手机	3.85	0.407905
一百	百分比	3.8	0.241194
股票	生活	3.8	0.141335
世纪	民族	3.8	0.305332
英雄	冲动	3.7	0.263244
金钱	占有	3.55	0.183095
戏剧	历史	3.5	0.277552
教师	推荐信	3.4	0.468797
男性	和尚	3.35	0.192539
发展	问题	3.3	0.362411
老虎	猫	3.3	0.383397
年轻人	精灵	3.25	0.273714
汽车	飞机	3.2	0.573997
酒	父亲	2.7	0.112791
志愿者	格言	2.635	0.286230
游戏	宾馆	2.55	0.139804
股票	生活	2.4	0.141335
股票	鸡蛋	2.3	0.302958
总统	奖牌	1.8	0.257963
股票	美洲虎	1.7	0.184884
方向	组合	1.65	0.113089
标志	休假	1.37	0.124557
问题	机场	1.36	0.238065
排队	保险	1.335	0.266584
糖	方法	1.3	0.330721
水	足球	1.3	0.162949
饮料	汽车	1.225	0.358052
歌剧	工业	1.215	0.178423
和尚	奴隶	1.2	0.178117
铁路	细菌	1.1	0.184257
苹果	电影	1.1	0.176829
股票	光盘	1.05	0.409828
皇帝	白菜	1.05	0.139359
周三	新闻	1.0	0.364132
能源	秘书	0.85	0.275916
七	系列	0.6	0.195894
中午	字符串	0.6	0.224859
收音机	工作	0.6	0.321600
教授	黄瓜	0.5	0.120098
自行车	鸟	0.5	0.106220
蛋白质	文物	0.15	0.255031
